{
    "screens": [
        {
            "ad": {
                "height": 0.24632352941176472,
                "type": "box",
                "width": 0.3560747663551402,
                "x": 0.0,
                "y": 0.4172794117647059
            },
            "otherServices": {
                "cols": 5,
                "height": 0.24632352941176472,
                "horizontal-spacing": 0.010467289719626167,
                "rows": 1,
                "type": "grid",
                "vertical-spacing": 0.0,
                "width": 0.19158878504672897,
                "x": 0.0,
                "y": 0.7536764705882353
            },
            "otherServicesLabel": {
                "text": "A\u00f0rar \u00fej\u00f3nustur",
                "type": "label",
                "width": 1.0,
                "x": 0.0,
                "y": 0.6801470588235294
            },
            "series": {
                "height": 0.3125,
                "type": "box",
                "width": 0.34579439252336447,
                "x": 0.6542056074766355,
                "y": 0.012867647058823529
            },
            "skjarbio": {
                "height": 0.6507352941176471,
                "type": "box",
                "width": 0.22336448598130842,
                "x": 0.394392523364486,
                "y": 0.012867647058823529
            },
            "stod2frelsi": {
                "height": 0.3125,
                "type": "box",
                "width": 0.34579439252336447,
                "x": 0.6542056074766355,
                "y": 0.35110294117647056
            },
            "tv": {
                "height": 0.3915441176470588,
                "type": "box",
                "width": 0.3560747663551402,
                "x": 0.0,
                "y": 0.0
            }
        }
    ]
}
