{
    "screens": [
        {
            "movies": {
                "cols": 6,
                "height": 0.4724264705882353,
                "horizontal-spacing": 0.02022058823529412,
                "rows": 2,
                "type": "grid-repeater",
                "vertical-spacing": 0.042279411764705885,
                "width": 0.31066176470588236,
                "x": 0.0,
                "y": 0.012867647058823529
            }
        }
    ]
}
