{
    "screens": [
        {
            "featured": {
                "cols": 5,
                "height": 0.5441176470588235,
                "horizontal-spacing": 0.03308823529411765,
                "rows": 1,
                "type": "grid",
                "vertical-spacing": 0.0,
                "width": 0.36764705882352944,
                "x": 0.0,
                "y": 0.012867647058823529
            },
            "interesting": {
                "cols": 8,
                "height": 0.3382352941176471,
                "horizontal-spacing": 0.02022058823529412,
                "rows": 1,
                "type": "grid",
                "vertical-spacing": 0.0,
                "width": 0.22794117647058823,
                "x": 0.0,
                "y": 0.6617647058823529
            },
            "interestingLabel": {
                "text": "\u00c1hugavert fyrir \u00feig",
                "type": "label",
                "width": 1.9669117647058822,
                "x": 0.0,
                "y": 0.5882352941176471
            }
        },
        {
            "allcategories": {
                "cols": 6,
                "height": 0.4724264705882353,
                "horizontal-spacing": 0.02022058823529412,
                "rows": 2,
                "type": "grid",
                "vertical-spacing": 0.05514705882352941,
                "width": 0.31066176470588236,
                "x": 0.0,
                "y": 0.0
            }
        }
    ]
}
